api address,name
https://api.github.com/users/wolfogre/events/public,Jason Song
https://api.github.com/users/jolheiser/events/public,John Olheiser
https://api.github.com/users/kevinschweikert/events/public,Kevin Schweikert
https://api.github.com/users/MrManor/events/public,Klaus Vink Slott
https://api.github.com/users/bitmand/events/public,Lasse Brandt Thomsen
https://api.github.com/users/liamcottam/events/public,Liam Cottam
https://api.github.com/users/lunny/events/public,Lunny Xiao
https://api.github.com/users/programkode/events/public,Marcus A. Dahl
https://api.github.com/users/mgjm/events/public,Martin Michaelis
https://api.github.com/users/matthiasb85/events/public,Matthias Beckert
https://api.github.com/users/mporrato/events/public,Maurizio Porrato
https://api.github.com/users/maweil/events/public,Maximilian Weiler
https://api.github.com/users/mjwwit/events/public,Michael de Wit
